date,open,high,low,close,adjClose,volume,unadjustedVolume,change,changePercent,vwap,label,changeOverTime
"2024-12-31","222.97","223.23","218.94","219.39","219.39","24819700","24819700","-3.58","-1.61","221.1325","December 31, 24","-0.0161",
"2024-12-30","220.06","223","218.43","221.3","221.3","28321240","28321240","1.24","0.56348","220.6975","December 30, 24","0.0056348",
"2024-12-27","225.6","226.03","220.9","223.75","223.75","27367147","27367147","-1.85","-0.82004","224.07","December 27, 24","-0.0082004",
"2024-12-26","228.5","228.5","226.67","227.05","227.05","16174500","16174500","-1.45","-0.63457","227.68","December 26, 24","-0.0063457",
"2024-12-24","226.94","229.14","226.13","229.05","229.05","15007500","15007500","2.11","0.92976","227.815","December 24, 24","0.0092976",
"2024-12-23","225.01","226.88","223.9","225.06","225.06","28070007","28070007","0.05","0.02222123","225.2125","December 23, 24","0.0002222123",
"2024-12-20","219.84","226.21","218.73","224.92","224.92","88279200","88279200","5.08","2.31","222.425","December 20, 24","0.0231",
"2024-12-19","224.91","226.09","222.92","223.29","223.29","39918739","39918739","-1.62","-0.72029","224.3025","December 19, 24","-0.0072029",
"2024-12-18","230.77","231.4","220.11","220.52","220.52","43281443","43281443","-10.25","-4.44","225.7","December 18, 24","-0.0444",
"2024-12-17","232.39","232.73","227.85","231.15","231.15","35948131","35948131","-1.24","-0.53359","231.03","December 17, 24","-0.0053359",
"2024-12-16","230.23","233","228.01","232.93","232.93","37552100","37552100","2.7","1.17","231.0425","December 16, 24","0.0117",
"2024-12-13","228.4","230.2","225.86","227.46","227.46","28768100","28768100","-0.94","-0.41156","227.98","December 13, 24","-0.0041156",
"2024-12-12","229.83","231.09","227.63","228.97","228.97","28204100","28204100","-0.86","-0.37419","229.38","December 12, 24","-0.0037419",
"2024-12-11","226.41","231.2","226.26","230.26","230.26","35385800","35385800","3.85","1.7","228.5325","December 11, 24","0.017",
"2024-12-10","226.09","229.06","224.2","225.04","225.04","31199900","31199900","-1.05","-0.46442","226.0975","December 10, 24","-0.0046442",
"2024-12-09","227.21","230.08","225.67","226.09","226.09","46819400","46819400","-1.12","-0.49294","227.2625","December 09, 24","-0.0049294",
"2024-12-06","220.75","227.15","220.6","227.03","227.03","44178100","44178100","6.28","2.84","223.8825","December 06, 24","0.0284",
"2024-12-05","218.03","222.15","217.3","220.55","220.55","41140220","41140220","2.52","1.16","219.5075","December 05, 24","0.0116",
"2024-12-04","215.96","220","215.75","218.16","218.16","48745716","48745716","2.2","1.02","217.4675","December 04, 24","0.0102",
"2024-12-03","210.31","214.02","209.65","213.44","213.44","32214828","32214828","3.13","1.49","211.855","December 03, 24","0.0149",
"2024-12-02","209.96","212.99","209.51","210.71","210.71","39523200","39523200","0.75","0.35721","210.7925","December 02, 24","0.0035721",
"2024-11-29","205.83","208.2","204.59","207.89","207.89","24892447","24892447","2.06","1","206.6275","November 29, 24","0.01",
"2024-11-27","206.98","207.64","205.05","205.74","205.74","28061638","28061638","-1.24","-0.59909","206.3525","November 27, 24","-0.0059909",
"2024-11-26","201.9","208","201.79","207.86","207.86","41673737","41673737","5.96","2.95","204.8875","November 26, 24","0.0295",
"2024-11-25","199.28","201.95","199","201.45","201.45","40685700","40685700","2.17","1.09","200.42","November 25, 24","0.0109",
"2024-11-22","198.25","199.26","196.75","197.12","197.12","31530844","31530844","-1.13","-0.56999","197.845","November 22, 24","-0.0056999",
"2024-11-21","203.49","203.49","195.75","198.38","198.38","58800042","58800042","-5.11","-2.51","200.2775","November 21, 24","-0.0251",
"2024-11-20","202.98","203.13","199.45","202.88","202.88","32769000","32769000","-0.1","-0.04926594","202.11","November 20, 24","-0.0004926594",
"2024-11-19","199.33","205.3","198.78","204.61","204.61","31197900","31197900","5.28","2.65","202.005","November 19, 24","0.0265",
"2024-11-18","204.15","204.67","200.95","201.7","201.7","36512500","36512500","-2.45","-1.2","202.8675","November 18, 24","-0.012",
"2024-11-15","206.76","207.34","199.61","202.61","202.61","86591144","86591144","-4.15","-2.01","204.08","November 15, 24","-0.0201",
"2024-11-14","214.16","215.9","210.88","211.48","211.48","42620309","42620309","-2.68","-1.25","213.105","November 14, 24","-0.0125",
"2024-11-13","209.4","215.09","209.14","214.1","214.1","46212943","46212943","4.7","2.24","211.9325","November 13, 24","0.0224",
"2024-11-12","208.37","209.54","206.01","208.91","208.91","38942918","38942918","0.54","0.25915","208.2075","November 12, 24","0.0025915",
"2024-11-11","208.5","209.65","205.59","206.84","206.84","35456012","35456012","-1.66","-0.79616","207.645","November 11, 24","-0.0079616",
"2024-11-08","209.72","209.96","207.44","208.18","208.18","36075846","36075846","-1.54","-0.73431","208.825","November 08, 24","-0.0073431",
"2024-11-07","207.44","212.25","207.19","210.05","210.05","52878400","52878400","2.61","1.26","209.2325","November 07, 24","0.0126",
"2024-11-06","200.01","207.55","199.14","207.09","207.09","72292200","72292200","7.08","3.54","203.4475","November 06, 24","0.0354",
"2024-11-05","196.04","199.82","195.99","199.5","199.5","30564800","30564800","3.46","1.76","197.8375","November 05, 24","0.0176",
"2024-11-04","196.45","197.33","194.31","195.78","195.78","38492100","38492100","-0.67","-0.34105","195.9675","November 04, 24","-0.0034105",
"2024-11-01","199","200.5","197.02","197.93","197.93","99687847","99687847","-1.07","-0.53769","198.6125","November 01, 24","-0.0053769",
"2024-10-31","190.51","190.6","185.23","186.4","186.4","75146800","75146800","-4.11","-2.16","188.185","October 31, 24","-0.0216",
"2024-10-30","194.7","195.61","192.42","192.73","192.73","37707600","37707600","-1.97","-1.01","193.865","October 30, 24","-0.0101",
"2024-10-29","188.58","191.46","187.82","190.83","190.83","35690200","35690200","2.25","1.19","189.6725","October 29, 24","0.0119",
"2024-10-28","189.57","190.21","188.21","188.39","188.39","27930836","27930836","-1.18","-0.62246","189.095","October 28, 24","-0.0062246",
"2024-10-25","187.85","190.45","187.53","187.83","187.83","29362100","29362100","-0.02","-0.01064679","188.415","October 25, 24","-0.0001064679",
"2024-10-24","185.25","187.11","183.86","186.38","186.38","21647400","21647400","1.13","0.60999","185.65","October 24, 24","0.0060999",
"2024-10-23","188.85","189.16","183.69","184.71","184.71","31937100","31937100","-4.14","-2.19","186.6025","October 23, 24","-0.0219",
"2024-10-22","188.35","191.52","186.98","189.7","189.7","29650600","29650600","1.35","0.71675","189.1375","October 22, 24","0.0071675",
"2024-10-21","188.05","189.46","186.4","189.07","189.07","24639400","24639400","1.02","0.54241","188.245","October 21, 24","0.0054241",
"2024-10-18","187.15","190.74","186.28","188.99","188.99","37417700","37417700","1.84","0.98317","188.29","October 18, 24","0.0098317",
"2024-10-17","188.22","188.94","186","187.53","187.53","25039414","25039414","-0.69","-0.36659","187.6725","October 17, 24","-0.0036659",
"2024-10-16","187.05","187.78","185.61","186.89","186.89","23456812","23456812","-0.16","-0.08553863","186.8325","October 16, 24","-0.0008553863",
"2024-10-15","187.63","188.41","184.58","187.69","187.69","32178925","32178925","0.06","0.03197783","187.0775","October 15, 24","0.0003197783",
"2024-10-14","189.78","189.83","187.36","187.54","187.54","22614407","22614407","-2.24","-1.18","188.6275","October 14, 24","-0.0118",
"2024-10-11","186.63","189.93","186.3","188.82","188.82","25751600","25751600","2.19","1.17","187.92","October 11, 24","0.0117",
"2024-10-10","187.13","188.13","185.83","186.65","186.65","27785043","27785043","-0.48","-0.25651","186.935","October 10, 24","-0.0025651",
"2024-10-09","182.82","185.85","182.05","185.17","185.17","26343117","26343117","2.35","1.29","183.9725","October 09, 24","0.0129",
"2024-10-08","181.92","183.09","180.92","182.72","182.72","26372100","26372100","0.805","0.43975","182.1625","October 08, 24","0.0043975",
"2024-10-07","182.95","183.6","180.25","180.8","180.8","42364201","42364201","-2.15","-1.18","181.9","October 07, 24","-0.0118",
"2024-10-04","185.75","187.6","183.6","186.51","186.51","41079011","41079011","0.76","0.40915","185.865","October 04, 24","0.0040915",
"2024-10-03","183.05","183.44","180.88","181.96","181.96","30204302","30204302","-1.08","-0.59547","182.3325","October 03, 24","-0.0059547",
"2024-10-02","184.44","186.6","184.04","184.76","184.76","23704100","23704100","0.32","0.1735","184.96","October 02, 24","0.001735",
"2024-10-01","184.9","186.19","183.45","185.13","185.13","36044906","36044906","0.23","0.12439","184.9175","October 01, 24","0.0012439",
"2024-09-30","187.14","188.49","184.65","186.33","186.33","41680400","41680400","-0.81","-0.43283","186.6525","September 30, 24","-0.0043283",
"2024-09-27","190.68","190.9","187.34","187.97","187.97","36002316","36002316","-2.71","-1.42","189.2225","September 27, 24","-0.0142",
"2024-09-26","194.31","194.53","189.54","191.16","191.16","36334900","36334900","-3.15","-1.62","192.385","September 26, 24","-0.0162",
"2024-09-25","193.75","193.95","192.16","192.53","192.53","26391144","26391144","-1.22","-0.62968","193.0975","September 25, 24","-0.0062968",
"2024-09-24","194.27","195.37","190.13","193.96","193.96","43478926","43478926","-0.31","-0.15957","193.4325","September 24, 24","-0.0015957",
"2024-09-23","191.64","194.45","190.57","193.88","193.88","36993111","36993111","2.24","1.17","192.635","September 23, 24","0.0117",
"2024-09-20","190.23","191.84","187.41","191.6","191.6","100378600","100378600","1.37","0.72018","190.27","September 20, 24","0.0072018",
"2024-09-19","190.04","190.99","188.47","189.87","189.87","39543200","39543200","-0.17","-0.08945485","189.8425","September 19, 24","-0.0008945485",
"2024-09-18","186.45","188.8","185.06","186.43","186.43","34448130","34448130","-0.02","-0.01072674","186.685","September 18, 24","-0.0001072674",
"2024-09-17","186.85","189.45","186.14","186.88","186.88","26091700","26091700","0.03","0.01605566","187.33","September 17, 24","0.0001605566",
"2024-09-16","185.29","185.81","183.36","184.89","184.89","26065500","26065500","-0.4","-0.21588","184.8375","September 16, 24","-0.0021588",
"2024-09-13","187","188.5","185.91","186.49","186.49","26495400","26495400","-0.51","-0.27273","186.975","September 13, 24","-0.0027273",
"2024-09-12","184.8","187.41","183.54","187","187","33622500","33622500","2.2","1.19","185.6875","September 12, 24","0.0119",
"2024-09-11","180.1","184.99","175.73","184.52","184.52","42564700","42564700","4.43","2.45","181.335","September 11, 24","0.0245",
"2024-09-10","177.49","180.5","176.79","179.55","179.55","36233800","36233800","2.06","1.16","178.5825","September 10, 24","0.0116",
"2024-09-09","174.53","175.85","173.51","175.4","175.4","29037400","29037400","0.87","0.49848","174.8225","September 09, 24","0.0049848",
"2024-09-06","177.24","178.38","171.16","171.39","171.39","41466537","41466537","-5.85","-3.3","174.5425","September 06, 24","-0.033",
"2024-09-05","175","179.88","175","177.89","177.89","40170526","40170526","2.89","1.65","176.9425","September 05, 24","0.0165",
"2024-09-04","174.48","175.98","172.54","173.33","173.33","30309225","30309225","-1.15","-0.6591","174.0825","September 04, 24","-0.006591",
"2024-09-03","177.55","178.26","175.26","176.25","176.25","37817511","37817511","-1.3","-0.73219","176.83","September 03, 24","-0.0073219",
"2024-08-30","172.78","178.9","172.6","178.5","178.5","43429400","43429400","5.72","3.31","175.695","August 30, 24","0.0331",
"2024-08-29","173.22","174.29","170.81","172.12","172.12","26407815","26407815","-1.1","-0.63503","172.61","August 29, 24","-0.0063503",
"2024-08-28","173.69","173.69","168.92","170.8","170.8","29045025","29045025","-2.89","-1.66","171.775","August 28, 24","-0.0166",
"2024-08-27","174.15","174.89","172.25","173.12","173.12","29842000","29842000","-1.03","-0.59144","173.6025","August 27, 24","-0.0059144",
"2024-08-26","176.7","177.47","174.3","175.5","175.5","22366236","22366236","-1.2","-0.67912","175.9925","August 26, 24","-0.0067912",
"2024-08-23","177.34","178.97","175.24","177.04","177.04","29150100","29150100","-0.3","-0.16917","177.1475","August 23, 24","-0.0016917",
"2024-08-22","181.38","181.47","175.68","176.13","176.13","32047500","32047500","-5.25","-2.89","178.665","August 22, 24","-0.0289",
"2024-08-21","179.92","182.39","178.89","180.11","180.11","35599120","35599120","0.19","0.1056","180.3275","August 21, 24","0.001056",
"2024-08-20","177.92","179.01","177.43","178.88","178.88","26255204","26255204","0.96","0.53957","178.31","August 20, 24","0.0053957",
"2024-08-19","177.64","178.3","176.16","178.22","178.22","31129807","31129807","0.58","0.3265","177.58","August 19, 24","0.003265",
"2024-08-16","177.04","178.34","176.26","177.06","177.06","31489200","31489200","0.02","0.01129688","177.175","August 16, 24","0.0001129688",
"2024-08-15","174.86","177.91","173.99","177.59","177.59","51698513","51698513","2.73","1.56","176.0875","August 15, 24","0.0156",
"2024-08-14","172.11","172.28","168.86","170.1","170.1","28843804","28843804","-2.01","-1.17","170.8375","August 14, 24","-0.0117",
"2024-08-13","167.81","171.04","167.1","170.23","170.23","39237915","39237915","2.42","1.44","169.045","August 13, 24","0.0144",
"2024-08-12","168.14","168.55","166.11","166.8","166.8","30072800","30072800","-1.34","-0.79695","167.4","August 12, 24","-0.0079695",
"2024-08-09","166.4","168.55","165.85","166.94","166.94","36401049","36401049","0.54","0.32452","166.935","August 09, 24","0.0032452",
"2024-08-08","165.17","166.69","162.55","165.8","165.8","44616206","44616206","0.635","0.38143","165.0525","August 08, 24","0.0038143",
"2024-08-07","166.55","167.58","161.43","162.77","162.77","48408240","48408240","-3.78","-2.27","164.5825","August 07, 24","-0.0227",
"2024-08-06","161.71","165.08","158.54","161.93","161.93","59950830","59950830","0.22","0.13605","161.815","August 06, 24","0.0013605",
"2024-08-05","154.21","162.96","151.61","161.02","161.02","83149437","83149437","6.81","4.42","157.45","August 05, 24","0.0442",
"2024-08-02","166.75","168.77","160.55","167.9","167.9","141448400","141448400","1.15","0.68966","165.9925","August 02, 24","0.0068966",
"2024-08-01","189.29","190.6","181.87","184.07","184.07","70435635","70435635","-5.22","-2.76","186.4575","August 01, 24","-0.0276",
"2024-07-31","185.05","187.94","184.46","186.98","186.98","41667326","41667326","1.93","1.04","186.1075","July 31, 24","0.0104",
"2024-07-30","184.72","185.86","179.38","181.71","181.71","39508600","39508600","-3.01","-1.63","182.9175","July 30, 24","-0.0163",
"2024-07-29","183.84","184.75","182.38","183.2","183.2","33270123","33270123","-0.64","-0.34813","183.5425","July 29, 24","-0.0034813",
"2024-07-26","180.39","183.19","180.24","182.5","182.5","29506000","29506000","2.11","1.17","181.58","July 26, 24","0.0117",
"2024-07-25","182.91","183.9","176.8","179.85","179.85","44464200","44464200","-3.06","-1.67","180.865","July 25, 24","-0.0167",
"2024-07-24","183.2","185.45","180.41","180.83","180.83","41532400","41532400","-2.37","-1.29","182.4725","July 24, 24","-0.0129",
"2024-07-23","184.1","189.39","183.56","186.41","186.41","47537700","47537700","2.31","1.25","185.865","July 23, 24","0.0125",
"2024-07-22","185","185.06","182.48","182.55","182.55","39931923","39931923","-2.45","-1.32","183.7725","July 22, 24","-0.0132",
"2024-07-19","181.14","184.93","180.11","183.13","183.13","43081829","43081829","1.99","1.1","182.3275","July 19, 24","0.011",
"2024-07-18","189.59","189.68","181.45","183.75","183.75","51043626","51043626","-5.84","-3.08","186.1175","July 18, 24","-0.0308",
"2024-07-17","191.35","191.58","185.99","187.93","187.93","48076139","48076139","-3.42","-1.79","189.2125","July 17, 24","-0.0179",
"2024-07-16","195.59","196.62","192.24","193.02","193.02","33994714","33994714","-2.57","-1.31","194.3675","July 16, 24","-0.0131",
"2024-07-15","194.56","196.19","190.83","192.72","192.72","40683227","40683227","-1.84","-0.94572","193.575","July 15, 24","-0.0094572",
"2024-07-12","194.8","196.47","193.83","194.49","194.49","30598525","30598525","-0.31","-0.15914","194.8975","July 12, 24","-0.0015914",
"2024-07-11","200.09","200.27","192.86","195.05","195.05","44565041","44565041","-5.04","-2.52","197.0675","July 11, 24","-0.0252",
"2024-07-10","200","200.11","197.69","199.79","199.79","32883753","32883753","-0.205","-0.105","199.3975","July 10, 24","-0.00105",
"2024-07-09","199.4","200.57","199.05","199.34","199.34","32756736","32756736","-0.06","-0.03009027","199.59","July 09, 24","-0.0003009027",
"2024-07-08","200.04","201.2","197.96","199.29","199.29","34767261","34767261","-0.75","-0.37493","199.6225","July 08, 24","-0.0037493",
"2024-07-05","198.65","200.55","198.17","200","200","39858885","39858885","1.35","0.67959","199.3425","July 05, 24","0.0067959",
"2024-07-03","199.94","200.03","196.76","197.59","197.59","31597926","31597926","-2.35","-1.18","198.58","July 03, 24","-0.0118",
"2024-07-02","197.28","200.43","195.93","200","200","45600013","45600013","2.72","1.38","198.41","July 02, 24","0.0138",
"2024-07-01","193.49","198.3","192.82","197.2","197.2","41192011","41192011","3.71","1.92","195.4525","July 01, 24","0.0192",
"2024-06-28","197.73","198.85","192.5","193.25","193.25","76930192","76930192","-4.48","-2.27","195.5825","June 28, 24","-0.0227",
"2024-06-27","195.01","199.84","194.2","197.85","197.85","74397491","74397491","2.84","1.46","196.725","June 27, 24","0.0146",
"2024-06-26","186.92","194.8","186.26","193.61","193.61","65103893","65103893","6.69","3.58","190.3975","June 26, 24","0.0358",
"2024-06-25","186.81","188.84","185.42","186.34","186.34","45898475","45898475","-0.47","-0.25159","186.8525","June 25, 24","-0.0025159",
"2024-06-24","189.33","191","185.33","185.57","185.57","50610379","50610379","-3.76","-1.99","187.8075","June 24, 24","-0.0199",
"2024-06-21","187.8","189.28","185.86","189.08","189.08","72931754","72931754","1.28","0.68158","188.005","June 21, 24","0.0068158",
"2024-06-20","182.91","186.51","182.72","186.1","186.1","44726779","44726779","3.19","1.74","184.56","June 20, 24","0.0174",
"2024-06-18","183.74","184.29","181.43","182.81","182.81","36659157","36659157","-0.925","-0.50615","183.0675","June 18, 24","-0.0050615",
"2024-06-17","182.52","185","181.22","184.06","184.06","35601907","35601907","1.54","0.84374","183.2","June 17, 24","0.0084374",
"2024-06-14","183.08","183.72","182.23","183.66","183.66","25456410","25456410","0.58","0.3168","183.1725","June 14, 24","0.003168",
"2024-06-13","186.09","187.67","182.67","183.83","183.83","39721545","39721545","-2.26","-1.21","185.065","June 13, 24","-0.0121",
"2024-06-12","188.02","188.35","185.43","186.89","186.89","33984216","33984216","-1.12","-0.601","187.1725","June 12, 24","-0.00601",
"2024-06-11","187.06","187.77","184.54","187.23","187.23","27265108","27265108","0.17","0.09087993","186.65","June 11, 24","0.0009087993",
"2024-06-10","184.07","187.23","183.79","187.06","187.06","34494498","34494498","2.99","1.62","185.5375","June 10, 24","0.0162",
"2024-06-07","184.9","186.29","183.36","184.3","184.3","28021473","28021473","-0.6","-0.3245","184.7125","June 07, 24","-0.003245",
"2024-06-06","181.75","185","181.49","185","185","31371151","31371151","3.25","1.79","183.31","June 06, 24","0.0179",
"2024-06-05","180.1","181.5","178.75","181.28","181.28","32116394","32116394","1.18","0.65519","180.4075","June 05, 24","0.0065519",
"2024-06-04","177.64","179.82","176.44","179.34","179.34","27198388","27198388","1.7","0.95699","178.31","June 04, 24","0.0095699",
"2024-06-03","177.7","178.7","175.92","178.34","178.34","30786640","30786640","0.64","0.36016","177.665","June 03, 24","0.0036016",
"2024-05-31","178.3","179.21","173.87","176.44","176.44","58903939","58903939","-1.86","-1.04","176.955","May 31, 24","-0.0104",
"2024-05-30","181.31","181.34","178.36","179.32","179.32","29249229","29249229","-1.99","-1.1","180.0825","May 30, 24","-0.011",
"2024-05-29","181.7","184.08","181.55","182.02","182.02","32009294","32009294","0.32","0.17611","182.3375","May 29, 24","0.0017611",
"2024-05-28","179.93","182.24","179.49","182.15","182.15","29926963","29926963","2.22","1.23","180.9525","May 28, 24","0.0123",
"2024-05-24","181.65","182.44","180.3","180.75","180.75","27471640","27471640","-0.9","-0.49546","181.285","May 24, 24","-0.0049546",
"2024-05-23","183.66","184.76","180.08","181.05","181.05","33670173","33670173","-2.61","-1.42","182.3875","May 23, 24","-0.0142",
"2024-05-22","183.88","185.22","181.97","183.13","183.13","28148784","28148784","-0.75","-0.40787","183.55","May 22, 24","-0.0040787",
"2024-05-21","182.3","183.26","180.75","183.15","183.15","50839129","50839129","0.85","0.46626","182.365","May 21, 24","0.0046626",
"2024-05-20","184.34","186.67","183.28","183.54","183.54","30511768","30511768","-0.8","-0.43398","184.4575","May 20, 24","-0.0043398",
"2024-05-17","183.76","185.3","183.35","184.7","184.7","33175655","33175655","0.94","0.51154","184.2775","May 17, 24","0.0051154",
"2024-05-16","185.6","187.31","183.46","183.63","183.63","38834450","38834450","-1.97","-1.06","185","May 16, 24","-0.0106",
"2024-05-15","185.97","186.72","182.73","185.99","185.99","75459927","75459927","0.02","0.01075442","185.3525","May 15, 24","0.0001075442",
"2024-05-14","183.82","187.72","183.45","187.07","187.07","38698155","38698155","3.25","1.77","185.515","May 14, 24","0.0177",
"2024-05-13","188","188.31","185.36","186.57","186.57","24898613","24898613","-1.43","-0.76064","187.06","May 13, 24","-0.0076064",
"2024-05-10","189.16","189.89","186.93","187.48","187.48","34141771","34141771","-1.68","-0.88814","188.365","May 10, 24","-0.0088814",
"2024-05-09","188.88","191.7","187.44","189.5","189.5","43368377","43368377","0.62","0.32825","189.38","May 09, 24","0.0032825",
"2024-05-08","187.44","188.43","186.39","188","188","26136350","26136350","0.56","0.29876","187.565","May 08, 24","0.0029876",
"2024-05-07","188.92","189.94","187.31","188.76","188.76","34048902","34048902","-0.16","-0.08469193","188.7325","May 07, 24","-0.0008469193",
"2024-05-06","186.28","188.75","184.8","188.7","188.7","34725295","34725295","2.42","1.3","187.1325","May 06, 24","0.013",
"2024-05-03","186.99","187.87","185.42","186.21","186.21","39172004","39172004","-0.78","-0.41713","186.6225","May 03, 24","-0.0041713",
"2024-05-02","180.85","185.1","179.91","184.72","184.72","54303510","54303510","3.87","2.14","182.645","May 02, 24","0.0214",
"2024-05-01","181.64","185.15","176.56","179","179","94645148","94645148","-2.63","-1.45","180.5875","May 01, 24","-0.0145",
"2024-04-30","181.09","182.99","174.8","175","175","94639786","94639786","-6.09","-3.36","178.47","April 30, 24","-0.0336",
"2024-04-29","182.75","183.53","179.39","180.96","180.96","54063937","54063937","-1.79","-0.97948","181.6575","April 29, 24","-0.0097948",
"2024-04-26","177.8","180.82","176.13","179.62","179.62","43919765","43919765","1.83","1.02","178.5925","April 26, 24","0.0102",
"2024-04-25","169.68","173.92","166.32","173.67","173.67","49249390","49249390","3.99","2.35","170.8975","April 25, 24","0.0235",
"2024-04-24","179.94","180.32","176.18","176.59","176.59","34185109","34185109","-3.35","-1.86","178.2575","April 24, 24","-0.0186",
"2024-04-23","178.08","179.93","175.98","179.54","179.54","37046519","37046519","1.46","0.81986","178.3825","April 23, 24","0.0081986",
"2024-04-22","176.94","178.87","174.56","177.23","177.23","37924890","37924890","0.29","0.1639","176.9","April 22, 24","0.001639",
"2024-04-19","178.74","179","173.44","174.63","174.63","56000729","56000729","-4.11","-2.3","176.4525","April 19, 24","-0.023",
"2024-04-18","181.47","182.39","178.65","179.22","179.22","30723793","30723793","-2.25","-1.24","180.4325","April 18, 24","-0.0124",
"2024-04-17","184.31","184.57","179.82","181.28","181.28","31359673","31359673","-3.03","-1.64","182.495","April 17, 24","-0.0164",
"2024-04-16","183.27","184.83","182.26","183.32","183.32","32891265","32891265","0.05","0.02728215","183.42","April 16, 24","0.0002728215",
"2024-04-15","187.43","188.69","183","183.62","183.62","48052395","48052395","-3.81","-2.03","185.685","April 15, 24","-0.0203",
"2024-04-12","187.72","188.38","185.08","186.13","186.13","38608849","38608849","-1.59","-0.84701","186.8275","April 12, 24","-0.0084701",
"2024-04-11","186.74","189.77","185.51","189.05","189.05","40020742","40020742","2.31","1.24","187.7675","April 11, 24","0.0124",
"2024-04-10","182.77","186.27","182.67","185.95","185.95","35879151","35879151","3.19","1.74","184.415","April 10, 24","0.0174",
"2024-04-09","187.24","187.34","184.2","185.67","185.67","36546946","36546946","-1.57","-0.8385","186.1125","April 09, 24","-0.008385",
"2024-04-08","186.9","187.29","184.81","185.19","185.19","39221282","39221282","-1.71","-0.91493","186.0475","April 08, 24","-0.0091493",
"2024-04-05","182.38","186.27","181.97","185.07","185.07","42373992","42373992","2.69","1.47","183.9225","April 05, 24","0.0147",
"2024-04-04","184","185.1","180","180","180","41624261","41624261","-4","-2.17","182.275","April 04, 24","-0.0217",
"2024-04-03","179.9","182.87","179.8","182.41","182.41","31046638","31046638","2.51","1.4","181.245","April 03, 24","0.014",
"2024-04-02","179.07","180.79","178.38","180.69","180.69","32611546","32611546","1.62","0.90467","179.7325","April 02, 24","0.0090467",
"2024-04-01","180.79","183","179.95","180.97","180.97","29174521","29174521","0.18","0.09956303","181.1775","April 01, 24","0.0009956303",
"2024-03-28","180.17","181.7","179.26","180.38","180.38","38051588","38051588","0.21","0.11656","180.3775","March 28, 24","0.0011656",
"2024-03-27","179.88","180","177.31","179.83","179.83","33272551","33272551","-0.05","-0.02779631","179.255","March 27, 24","-0.0002779631",
"2024-03-26","180.15","180.45","177.95","178.3","178.3","29658982","29658982","-1.85","-1.03","179.2125","March 26, 24","-0.0103",
"2024-03-25","178.01","180.99","177.24","179.71","179.71","29815464","29815464","1.7","0.955","178.9875","March 25, 24","0.00955",
"2024-03-22","177.75","179.26","176.75","178.87","178.87","27995378","27995378","1.12","0.6301","178.1575","March 22, 24","0.006301",
"2024-03-21","179.99","181.42","178.15","178.15","178.15","32824320","32824320","-1.84","-1.02","179.4275","March 21, 24","-0.0102",
"2024-03-20","176.14","178.53","174.64","178.15","178.15","29947150","29947150","2.01","1.14","176.865","March 20, 24","0.0114",
"2024-03-19","174.22","176.09","173.52","175.9","175.9","26880893","26880893","1.69","0.9643","174.9325","March 19, 24","0.009643",
"2024-03-18","175.8","176.69","174.28","174.48","174.48","31250688","31250688","-1.32","-0.75085","175.3125","March 18, 24","-0.0075085",
"2024-03-15","176.64","177.93","173.9","174.42","174.42","72147390","72147390","-2.22","-1.26","175.7225","March 15, 24","-0.0126",
"2024-03-14","177.69","179.53","176.47","178.75","178.75","43705840","43705840","1.06","0.59654","178.11","March 14, 24","0.0059654",
"2024-03-13","175.9","177.62","175.55","176.56","176.56","30772600","30772600","0.655","0.37521","176.4075","March 13, 24","0.0037521",
"2024-03-12","173.5","176.76","171.98","175.39","175.39","36610604","36610604","1.89","1.09","174.4075","March 12, 24","0.0109",
"2024-03-11","174.31","174.47","171.47","171.96","171.96","28484777","28484777","-2.35","-1.35","173.0525","March 11, 24","-0.0135",
"2024-03-08","176.44","178.79","174.33","175.35","175.35","37893242","37893242","-1.09","-0.61777","176.2275","March 08, 24","-0.0061777",
"2024-03-07","174.83","177.99","173.72","176.82","176.82","34063283","34063283","1.99","1.14","175.84","March 07, 24","0.0114",
"2024-03-06","175.54","176.46","173.26","173.51","173.51","32090926","32090926","-2.03","-1.16","174.6925","March 06, 24","-0.0116",
"2024-03-05","176.93","176.93","173.3","174.12","174.12","37228343","37228343","-2.81","-1.59","175.32","March 05, 24","-0.0159",
"2024-03-04","177.53","180.14","177.49","177.58","177.58","37381520","37381520","0.05","0.02816425","178.185","March 04, 24","0.0002816425",
"2024-03-01","176.75","178.73","176.07","178.22","178.22","31981152","31981152","1.47","0.83168","177.4425","March 01, 24","0.0083168",
"2024-02-29","173.01","177.22","172.85","176.76","176.76","53805359","53805359","3.75","2.17","174.96","February 29, 24","0.0217",
"2024-02-28","172.44","174.05","172.27","173.16","173.16","28180482","28180482","0.72","0.41754","172.98","February 28, 24","0.0041754",
"2024-02-27","174.08","174.62","172.86","173.54","173.54","31141732","31141732","-0.535","-0.3102","173.775","February 27, 24","-0.003102",
"2024-02-26","175.7","176.37","174.26","174.73","174.73","44368614","44368614","-0.97","-0.55208","175.265","February 26, 24","-0.0055208",
"2024-02-23","174.28","175.75","173.7","174.99","174.99","59715243","59715243","0.71","0.40739","174.68","February 23, 24","0.0040739",
"2024-02-22","173.1","174.8","171.77","174.58","174.58","55392354","55392354","1.48","0.855","173.5625","February 22, 24","0.00855",
"2024-02-21","168.94","170.23","167.14","168.59","168.59","44575623","44575623","-0.35","-0.20717","168.725","February 21, 24","-0.0020717",
"2024-02-20","167.83","168.71","165.74","167.08","167.08","41980326","41980326","-0.75","-0.44688","167.34","February 20, 24","-0.0044688",
"2024-02-16","168.74","170.42","167.17","169.51","169.51","48107744","48107744","0.77","0.45632","168.96","February 16, 24","0.0045632",
"2024-02-15","170.58","171.17","167.59","169.8","169.8","49855196","49855196","-0.78","-0.45726","169.785","February 15, 24","-0.0045726",
"2024-02-14","169.21","171.21","168.28","170.98","170.98","42815544","42815544","1.77","1.05","169.92","February 14, 24","0.0105",
"2024-02-13","167.73","170.95","165.75","168.64","168.64","56345122","56345122","0.91","0.54254","168.2675","February 13, 24","0.0054254",
"2024-02-12","174.8","175.39","171.54","172.34","172.34","51050440","51050440","-2.46","-1.41","173.5175","February 12, 24","-0.0141",
"2024-02-09","170.9","175","170.58","174.45","174.45","56985986","56985986","3.55","2.08","172.7325","February 09, 24","0.0208",
"2024-02-08","169.65","171.43","168.88","169.84","169.84","42316454","42316454","0.19","0.112","169.95","February 08, 24","0.00112",
"2024-02-07","169.48","170.88","168.94","170.53","170.53","47174060","47174060","1.05","0.61954","169.9575","February 07, 24","0.0061954",
"2024-02-06","169.39","170.71","167.65","169.15","169.15","42505518","42505518","-0.24","-0.14168","169.225","February 06, 24","-0.0014168",
"2024-02-05","170.2","170.55","167.7","170.31","170.31","55081297","55081297","0.11","0.06462985","169.69","February 05, 24","0.0006462985",
"2024-02-02","169.19","172.5","167.33","171.81","171.81","117218313","117218313","2.62","1.55","170.2075","February 02, 24","0.0155",
"2024-02-01","155.87","159.76","155.62","159.28","159.28","76542419","76542419","3.41","2.19","157.6325","February 01, 24","0.0219",
"2024-01-31","157","159.01","154.81","155.2","155.2","50284371","50284371","-1.8","-1.15","156.505","January 31, 24","-0.0115",
"2024-01-30","160.7","161.73","158.49","159","159","45207430","45207430","-1.7","-1.06","159.98","January 30, 24","-0.0106",
"2024-01-29","159.34","161.29","158.9","161.26","161.26","45270385","45270385","1.92","1.2","160.1975","January 29, 24","0.012",
"2024-01-26","158.42","160.72","157.91","159.12","159.12","51047353","51047353","0.7","0.44186","159.0425","January 26, 24","0.0044186",
"2024-01-25","156.95","158.51","154.55","157.75","157.75","43638592","43638592","0.8","0.50972","156.94","January 25, 24","0.0050972",
"2024-01-24","157.8","158.51","156.48","156.87","156.87","48547315","48547315","-0.93","-0.58935","157.415","January 24, 24","-0.0058935",
"2024-01-23","154.85","156.21","153.93","156.02","156.02","37986039","37986039","1.17","0.75557","155.2525","January 23, 24","0.0075557",
"2024-01-22","156.89","157.05","153.9","154.78","154.78","43687468","43687468","-2.11","-1.34","155.655","January 22, 24","-0.0134",
"2024-01-19","153.83","155.76","152.74","155.34","155.34","51651628","51651628","1.51","0.9816","154.4175","January 19, 24","0.009816",
"2024-01-18","152.77","153.78","151.82","153.5","153.5","37850245","37850245","0.73","0.47784","152.9675","January 18, 24","0.0047784",
"2024-01-17","151.49","152.15","149.91","151.71","151.71","34953363","34953363","0.22","0.14522","151.315","January 17, 24","0.0014522",
"2024-01-16","153.53","154.99","152.15","153.16","153.16","41384636","41384636","-0.37","-0.241","153.4575","January 16, 24","-0.00241",
"2024-01-12","155.39","156.2","154.01","154.62","154.62","40484155","40484155","-0.77","-0.49553","155.055","January 12, 24","-0.0049553",
"2024-01-11","155.04","157.17","153.12","155.18","155.18","49072691","49072691","0.14","0.09029928","155.1275","January 11, 24","0.0009029928",
"2024-01-10","152.06","154.42","151.88","153.73","153.73","44421830","44421830","1.67","1.1","153.0225","January 10, 24","0.011",
"2024-01-09","148.33","151.71","148.21","151.37","151.37","43812567","43812567","3.04","2.05","149.905","January 09, 24","0.0205",
"2024-01-08","146.74","149.4","146.15","149.1","149.1","46757053","46757053","2.36","1.61","147.8475","January 08, 24","0.0161",
"2024-01-05","144.69","146.59","144.53","145.24","145.24","45153147","45153147","0.55","0.38012","145.2625","January 05, 24","0.0038012",
"2024-01-04","145.59","147.38","144.05","144.57","144.57","56039807","56039807","-1.02","-0.7006","145.3975","January 04, 24","-0.007006",
"2024-01-03","149.2","151.05","148.33","148.47","148.47","49425495","49425495","-0.73","-0.48928","149.2625","January 03, 24","-0.0048928",
"2024-01-02","151.54","152.38","148.39","149.93","149.93","47339424","47339424","-1.61","-1.06","150.56","January 02, 24","-0.0106",
"2023-12-29","153.1","153.89","151.03","151.94","151.94","39823204","39823204","-1.16","-0.75767","152.49","December 29, 23","-0.0075767",
"2023-12-28","153.72","154.08","152.95","153.38","153.38","27057002","27057002","-0.34","-0.22118","153.5325","December 28, 23","-0.0022118",
"2023-12-27","153.56","154.78","153.12","153.34","153.34","31434733","31434733","-0.22","-0.14327","153.7","December 27, 23","-0.0014327",
"2023-12-26","153.56","153.98","153.03","153.41","153.41","25067222","25067222","-0.15","-0.09768169","153.495","December 26, 23","-0.0009768169",
"2023-12-22","153.77","154.35","152.71","153.42","153.42","29514093","29514093","-0.35","-0.22761","153.5625","December 22, 23","-0.0022761",
"2023-12-21","153.3","153.97","152.1","153.84","153.84","36305733","36305733","0.54","0.35225","153.3025","December 21, 23","0.0035225",
"2023-12-20","152.9","155.63","151.56","152.12","152.12","50322106","50322106","-0.78","-0.51014","153.0525","December 20, 23","-0.0051014",
"2023-12-19","154.4","155.12","152.69","153.79","153.79","43171292","43171292","-0.61","-0.39508","154","December 19, 23","-0.0039508",
"2023-12-18","150.56","154.85","150.05","154.07","154.07","62512828","62512828","3.51","2.33","152.3825","December 18, 23","0.0233",
"2023-12-15","148.38","150.57","147.88","149.97","149.97","110089342","110089342","1.59","1.07","149.2","December 15, 23","0.0107",
"2023-12-14","149.93","150.54","145.52","147.42","147.42","58400848","58400848","-2.51","-1.67","148.3525","December 14, 23","-0.0167",
"2023-12-13","148.12","149.46","146.82","148.84","148.84","52766196","52766196","0.72","0.48609","148.31","December 13, 23","0.0048609",
"2023-12-12","145.52","147.5","145.3","147.48","147.48","44944264","44944264","1.96","1.35","146.45","December 12, 23","0.0135",
"2023-12-11","145.66","146.19","143.64","145.89","145.89","50907288","50907288","0.23","0.1579","145.345","December 11, 23","0.001579",
"2023-12-08","145.48","147.84","145.4","147.42","147.42","41905965","41905965","1.94","1.33","146.535","December 08, 23","0.0133",
"2023-12-07","146.15","147.92","145.34","146.88","146.88","52352830","52352830","0.73","0.49949","146.5725","December 07, 23","0.0049949",
"2023-12-06","147.58","147.85","144.28","144.52","144.52","39678960","39678960","-3.06","-2.07","146.0575","December 06, 23","-0.0207",
"2023-12-05","143.55","148.57","143.13","146.88","146.88","46822411","46822411","3.33","2.32","145.5325","December 05, 23","0.0232",
"2023-12-04","145.25","145.35","142.81","144.84","144.84","48294244","48294244","-0.41","-0.28227","144.5625","December 04, 23","-0.0028227",
"2023-12-01","146","147.245","145.55","147.03","147.03","39949248","39924600","1.03","0.70548","146.69","December 01, 23","0.0070548",
"2023-11-30","144.76","146.93","144.332","146.09","146.09","65814022","65814000","1.33","0.91876","145.76","November 30, 23","0.0091876",
"2023-11-29","147.85","148.54","145.97","146.32","146.32","40610907","40610900","-1.53","-1.03","146.86","November 29, 23","-0.0103",
"2023-11-28","146.98","147.5999","145.53","147.03","147.03","42711682","42711700","0.05","0.03401823","146.83","November 28, 23","0.0003401823",
"2023-11-27","147.53","149.26","146.88","147.73","147.73","53762428","53762400","0.2","0.13557","148.29","November 27, 23","0.0013557",
"2023-11-24","146.7","147.2","145.32","146.74","146.74","22378379","22378400","0.04","0.02726653","146.37","November 24, 23","0.0002726653",
"2023-11-22","144.57","147.74","144.57","146.71","146.71","45700002","45669100","2.14","1.48","146.79","November 22, 23","0.0148",
"2023-11-21","143.91","144.05","141.5","143.9","143.9","71225992","71226000","-0.01","-0.00694879","143.04","November 21, 23","-0.0000694879",
"2023-11-20","145.13","146.63","144.725","146.13","146.13","41978766","41951200","1","0.68904","145.94","November 20, 23","0.0068904",
"2023-11-17","142.66","145.23","142.545","145.18","145.18","49361537","49636700","2.52","1.77","144.36","November 17, 23","0.0177",
"2023-11-16","140.91","143.32","139.52","142.83","142.83","49653512","49653500","1.92","1.36","142.08","November 16, 23","0.0136",
"2023-11-15","147.06","147.29","142.59","143.2","143.2","63874520","63875700","-3.86","-2.62","143.96","November 15, 23","-0.0262",
"2023-11-14","145","147.26","144.68","145.8","145.8","56674551","56674600","0.8","0.55172","146.14","November 14, 23","0.0055172",
"2023-11-13","142.08","143.23","140.67","142.59","142.59","35680570","35680600","0.51","0.35895","142.38","November 13, 23","0.0035895",
"2023-11-10","140.46","143.65","139.91","143.56","143.56","49349937","49287800","3.1","2.21","142.38","November 10, 23","0.0221",
"2023-11-09","142.02","142.65","139.84","140.6","140.6","36235367","36235400","-1.42","-0.99986","141.24","November 09, 23","-0.0099986",
"2023-11-08","142.97","143.12","141.2183","142.08","142.08","44521658","44521700","-0.89","-0.62251","142.04","November 08, 23","-0.0062251",
"2023-11-07","140.55","143.37","140.5","142.71","142.71","53540937","53553500","2.16","1.54","142.5","November 07, 23","0.0154",
"2023-11-06","138.76","140.73","138.36","139.74","139.74","44772917","44970400","0.98","0.70626","139.69","November 06, 23","0.0070626",
"2023-11-03","138.99","139.49","137.45","138.6","138.6","44059805","44007200","-0.39","-0.2806","138.59","November 03, 23","-0.002806",
"2023-11-02","138.73","138.81","136.47","138.07","138.07","52236693","52236700","-0.66","-0.47574","137.7","November 02, 23","-0.0047574",
"2023-11-01","133.96","137.35","133.71","137","137","61529409","61529400","3.04","2.27","135.78","November 01, 23","0.0227",
"2023-10-31","132.75","133.57","131.71","133.09","133.09","51589380","51589400","0.34","0.25612","132.76","October 31, 23","0.0025612",
"2023-10-30","129.72","133.47","127.63","132.71","132.71","72487505","72485500","2.99","2.3","131.72","October 30, 23","0.023",
"2023-10-27","126.2","130.02","125.52","127.74","127.74","125284313","125309300","1.54","1.22","128.13","October 27, 23","0.0122",
"2023-10-26","120.63","121.6393","118.35","119.57","119.57","100240816","100419500","-1.06","-0.87872","120.58","October 26, 23","-0.0087872",
"2023-10-25","126.04","126.34","120.79","121.39","121.39","74516044","74577500","-4.65","-3.69","122.74","October 25, 23","-0.0369",
"2023-10-24","127.74","128.8","126.34","128.56","128.56","46180180","46477400","0.82","0.64193","127.9","October 24, 23","0.0064193",
"2023-10-23","124.63","127.88","123.98","126.56","126.56","48216183","48260000","1.93","1.55","126.3","October 23, 23","0.0155",
"2023-10-20","128.05","128.17","124.97","125.17","125.17","56317010","56343300","-2.88","-2.25","125.94","October 20, 23","-0.0225",
"2023-10-19","130.565","132.24","127.47","128.4","128.4","60951105","60961400","-2.165","-1.66","129.84","October 19, 23","-0.0166",
"2023-10-18","129.9","130.6699","127.51","128.13","128.13","42623479","42699500","-1.77","-1.36","128.95","October 18, 23","-0.0136",
"2023-10-17","130.39","132.58","128.71","131.47","131.47","49344550","49344600","1.08","0.82828","131.02","October 17, 23","0.0082828",
"2023-10-16","130.69","133.07","130.425","132.55","132.55","42832918","42832900","1.86","1.42","132.12","October 16, 23","0.0142",
"2023-10-13","132.98","133.3145","128.95","129.79","129.79","45824685","45786600","-3.19","-2.4","130.61","October 13, 23","-0.024",
"2023-10-12","132.17","134.48","131.23","132.33","132.33","55528581","55528600","0.16","0.12106","132.84","October 12, 23","0.0012106",
"2023-10-11","129.74","132.05","129.61","131.83","131.83","40513342","40741800","2.09","1.61","130.78","October 11, 23","0.0161",
"2023-10-10","128.82","130.74","128.05","129.48","129.48","42106579","42178600","0.66","0.51234","129.66","October 10, 23","0.0051234",
"2023-10-09","126.22","128.79","124.76","128.26","128.26","38746138","38773700","2.04","1.62","126.99","October 09, 23","0.0162",
"2023-10-06","124.16","128.45","124.13","127.96","127.96","46814698","46795900","3.8","3.06","126.72","October 06, 23","0.0306",
"2023-10-05","126.71","126.73","124.33","125.96","125.96","39657043","39660600","-0.75","-0.5919","125.62","October 05, 23","-0.005919",
"2023-10-04","126.06","127.36","125.68","127","127","44203870","44203900","0.94","0.74568","126.58","October 04, 23","0.0074568",
"2023-10-03","128.06","128.52","124.2544","124.72","124.72","51559991","51565000","-3.34","-2.61","125.47","October 03, 23","-0.0261",
"2023-10-02","127.28","130.47","126.54","129.46","129.46","48029744","48029700","2.18","1.71","128.93","October 02, 23","0.0171",
"2023-09-29","128.2","129.15","126.32","127.12","127.12","62411730","62377600","-1.08","-0.84243","127.58","September 29, 23","-0.0084243",
"2023-09-28","124.04","126.5801","123.04","125.98","125.98","54554968","54555000","1.94","1.56","125.08","September 28, 23","0.0156",
"2023-09-27","125.76","127.48","124.13","125.98","125.98","66445149","66553400","0.22","0.17494","125.43","September 27, 23","0.0017494",
"2023-09-26","130.12","130.39","125.28","125.98","125.98","73007107","73048200","-4.14","-3.18","126.95","September 26, 23","-0.0318",
"2023-09-25","129.36","131.78","128.77","131.27","131.27","46017825","46017800","1.91","1.48","130.85","September 25, 23","0.0148",
"2023-09-22","131.11","132.03","128.52","129.12","129.12","59604348","59859500","-1.99","-1.52","130.16","September 22, 23","-0.0152",
"2023-09-21","131.94","132.24","129.31","129.33","129.33","70343342","70234800","-2.61","-1.98","130.54","September 21, 23","-0.0198",
"2023-09-20","138.55","139.37","135.2","135.29","135.29","46263716","46263700","-3.26","-2.35","136.92","September 20, 23","-0.0235",
"2023-09-19","138.7","138.84","135.56","137.63","137.63","61306070","61482500","-1.07","-0.77145","136.98","September 19, 23","-0.0077145",
"2023-09-18","140.48","141.75","139.22","139.98","139.98","42823480","42823500","-0.5","-0.35592","140.08","September 18, 23","-0.0035592",
"2023-09-15","142.69","143.57","140.09","140.39","140.39","102709327","102861700","-2.3","-1.61","141.01","September 15, 23","-0.0161",
"2023-09-14","145.08","145.86","142.95","144.72","144.72","64033607","64033600","-0.36","-0.24814","144.81","September 14, 23","-0.0024814",
"2023-09-13","140.95","144.98","140.865","144.85","144.85","60463535","60465200","3.9","2.77","143.89","September 13, 23","0.0277",
"2023-09-12","142.32","143","140.61","141.23","141.23","42668452","42668500","-1.09","-0.76588","141.66","September 12, 23","-0.0076588",
"2023-09-11","138.75","143.62","138.64","143.1","143.1","56755075","56764500","4.35","3.14","141.83","September 11, 23","0.0314",
"2023-09-08","136.86","138.8519","136.75","138.23","138.23","38365929","38348200","1.37","1","138.07","September 08, 23","0.01",
"2023-09-07","133.9","138.03","133.16","137.85","137.85","48498912","48498900","3.95","2.95","136.57","September 07, 23","0.0295",
"2023-09-06","136.32","137.45","134.61","135.36","135.36","41785500","41785500","-0.96","-0.70423","135.81","September 06, 23","-0.0070423",
"2023-09-05","137.73","137.8","135.82","137.27","137.27","40636700","40636700","-0.46","-0.33399","136.96","September 05, 23","-0.0033399",
"2023-09-01","139.46","139.96","136.88","138.12","138.12","40948300","40948300","-1.34","-0.96085","138.32","September 01, 23","-0.0096085",
"2023-08-31","135.06","138.79","135","138.01","138.01","58781300","58781300","2.95","2.18","137.27","August 31, 23","0.0218",
"2023-08-30","134.93","135.68","133.92","135.07","135.07","36137000","36137000","0.14","0.10376","134.89","August 30, 23","0.0010376",
"2023-08-29","133.38","135.14","133.25","134.91","134.91","38646100","38646100","1.53","1.15","134.43","August 29, 23","0.0115",
"2023-08-28","133.78","133.95","131.85","133.14","133.14","34108400","34108400","-0.64","-0.4784","132.98","August 28, 23","-0.004784",
"2023-08-25","132.47","133.87","130.58","133.26","133.26","44147500","44147500","0.79","0.59636","132.57","August 25, 23","0.0059636",
"2023-08-24","136.4","136.78","131.83","131.84","131.84","43646300","43646300","-4.56","-3.34","133.48","August 24, 23","-0.0334",
"2023-08-23","134.5","135.95","133.22","135.52","135.52","42801000","42801000","1.02","0.75836","134.9","August 23, 23","0.0075836",
"2023-08-22","135.08","135.65","133.73","134.25","134.25","32935100","32935100","-0.83","-0.61445","134.54","August 22, 23","-0.0061445",
"2023-08-21","133.74","135.19","132.71","134.68","134.68","41442500","41442500","0.94","0.70286","134.19","August 21, 23","0.0070286",
"2023-08-18","131.62","134.07","131.15","133.22","133.22","48469400","48469400","1.6","1.22","132.81","August 18, 23","0.0122",
"2023-08-17","135.46","136.09","133.53","133.98","133.98","48354100","48354100","-1.48","-1.09","134.53","August 17, 23","-0.0109",
"2023-08-16","137.19","137.27","135.01","135.07","135.07","41675900","41675900","-2.12","-1.55","135.78","August 16, 23","-0.0155",
"2023-08-15","140.05","141.28","137.23","137.67","137.67","42781500","42781500","-2.38","-1.7","138.73","August 15, 23","-0.017",
"2023-08-14","138.3","140.59","137.75","140.57","140.57","47148700","47148700","2.27","1.64","139.64","August 14, 23","0.0164",
"2023-08-11","137.4","139.33","137","138.41","138.41","42832100","42832100","1.01","0.73508","138.25","August 11, 23","0.0073508",
"2023-08-10","139.07","140.41","137.49","138.56","138.56","58928400","58928400","-0.51","-0.36672","138.82","August 10, 23","-0.0036672",
"2023-08-09","139.97","140.32","137.1","137.85","137.85","50017300","50017300","-2.12","-1.51","138.42","August 09, 23","-0.0151",
"2023-08-08","140.62","140.84","138.42","139.94","139.94","51710500","51710500","-0.68","-0.48357","139.73","August 08, 23","-0.0048357",
"2023-08-07","140.99","142.54","138.95","142.22","142.22","71213100","71213100","1.23","0.8724","141.24","August 07, 23","0.008724",
"2023-08-04","141.06","143.63","139.32","139.57","139.57","152938700","152938700","-1.49","-1.06","140.84","August 04, 23","-0.0106",
"2023-08-03","127.48","129.84","126.41","128.91","128.91","88585200","88585200","1.43","1.12","128.39","August 03, 23","0.0112",
"2023-08-02","130.15","130.23","126.82","128.21","128.21","51027600","51027600","-1.94","-1.49","128.42","August 02, 23","-0.0149",
"2023-08-01","133.55","133.69","131.62","131.69","131.69","42098500","42098500","-1.86","-1.39","132.33","August 01, 23","-0.0139",
"2023-07-31","133.2","133.87","132.38","133.68","133.68","41901500","41901500","0.48","0.36036","133.31","July 31, 23","0.0036036",
"2023-07-28","129.69","133.01","129.33","132.21","132.21","46317400","46317400","2.52","1.94","131.52","July 28, 23","0.0194",
"2023-07-27","131","132.63","127.79","128.25","128.25","52610700","52610700","-2.75","-2.1","129.56","July 27, 23","-0.021",
"2023-07-26","126.51","129.08","126.11","128.15","128.15","53910100","53910100","1.64","1.3","127.78","July 26, 23","0.013",
"2023-07-25","129.31","129.58","128.53","129.13","129.13","39236700","39236700","-0.18","-0.1392","129.08","July 25, 23","-0.001392",
"2023-07-24","130.31","131.66","128.35","128.8","128.8","45591100","45591100","-1.51","-1.16","129.6","July 24, 23","-0.0116",
"2023-07-21","131.34","131.37","128.42","130","130","133265000","133265000","-1.34","-1.02","129.93","July 21, 23","-0.0102",
"2023-07-20","134.07","134.79","129.33","129.96","129.96","59820600","59820600","-4.11","-3.07","131.36","July 20, 23","-0.0307",
"2023-07-19","133.39","135.99","132.53","135.36","135.36","54531000","54531000","1.97","1.48","134.63","July 19, 23","0.0148",
"2023-07-18","132.71","133.86","131.35","132.83","132.83","54969100","54969100","0.12","0.09042273","132.68","July 18, 23","0.0009042273",
"2023-07-17","134.56","135.62","133.21","133.56","133.56","48450200","48450200","-1","-0.74316","134.13","July 17, 23","-0.0074316",
"2023-07-14","134.06","136.65","134.06","134.68","134.68","54388100","54388100","0.62","0.46248","135.13","July 14, 23","0.0046248",
"2023-07-13","134.04","134.67","132.71","134.3","134.3","61170900","61170900","0.26","0.19397","133.89","July 13, 23","0.0019397",
"2023-07-12","130.31","131.26","128.83","130.8","130.8","54022800","54022800","0.49","0.37603","130.3","July 12, 23","0.0037603",
"2023-07-11","127.75","129.77","127.35","128.78","128.78","49951500","49951500","1.03","0.80626","128.63","July 11, 23","0.0080626",
"2023-07-10","129.07","129.28","125.92","127.13","127.13","61889300","61889300","-1.94","-1.5","127.44","July 10, 23","-0.015",
"2023-07-07","128.59","130.97","128.13","129.78","129.78","41928700","41928700","1.19","0.92542","129.63","July 07, 23","0.0092542",
"2023-07-06","128.25","128.73","127.37","128.36","128.36","40639900","40639900","0.11","0.08576998","128.15","July 06, 23","0.0008576998",
"2023-07-05","130.24","131.4","129.64","130.38","130.38","35895400","35895400","0.14","0.10749","130.47","July 05, 23","0.0010749",
"2023-07-03","130.82","131.85","130.07","130.22","130.22","28264800","28264800","-0.6","-0.45865","130.71","July 03, 23","-0.0045865",
"2023-06-30","129.47","131.25","128.95","130.36","130.36","54310500","54310500","0.89","0.68742","130.19","June 30, 23","0.0068742",
"2023-06-29","128.77","129.26","127.26","127.9","127.9","40761000","40761000","-0.87","-0.67562","128.14","June 29, 23","-0.0067562",
"2023-06-28","128.94","131.48","128.44","129.04","129.04","52149500","52149500","0.1","0.07755545","129.65","June 28, 23","0.0007755545",
"2023-06-27","128.63","130.09","127.55","129.18","129.18","46801000","46801000","0.55","0.42758","128.94","June 27, 23","0.0042758",
"2023-06-26","129.33","131.49","127.1","127.33","127.33","59989300","59989300","-2","-1.55","128.64","June 26, 23","-0.0155",
"2023-06-23","129.11","130.84","128.28","129.33","129.33","71855200","71855200","0.22","0.1704","129.48","June 23, 23","0.001704",
"2023-06-22","125.31","130.33","125.14","130.15","130.15","90354600","90354600","4.84","3.86","128.54","June 22, 23","0.0386",
"2023-06-21","125.64","126.73","123.85","124.83","124.83","52137700","52137700","-0.81","-0.6447","125.14","June 21, 23","-0.006447",
"2023-06-20","124.97","127.25","124.5","125.78","125.78","56930100","56930100","0.81","0.64816","125.84","June 20, 23","0.0064816",
"2023-06-16","127.71","127.9","125.3","125.49","125.49","84188100","84188100","-2.22","-1.74","126.23","June 16, 23","-0.0174",
"2023-06-15","125.21","127.69","124.32","127.11","127.11","60458500","60458500","1.9","1.52","126.37","June 15, 23","0.0152",
"2023-06-14","126.7","126.95","124.12","126.42","126.42","52422500","52422500","-0.28","-0.22099","125.83","June 14, 23","-0.0022099",
"2023-06-13","128.12","128.41","125.18","126.66","126.66","50564800","50564800","-1.46","-1.14","126.75","June 13, 23","-0.0114",
"2023-06-12","124.02","126.78","123.53","126.57","126.57","51338000","51338000","2.55","2.06","125.63","June 12, 23","0.0206",
"2023-06-09","124.08","125.8","123.19","123.43","123.43","51330000","51330000","-0.65","-0.52386","124.14","June 09, 23","-0.0052386",
"2023-06-08","123.01","125.63","122.26","124.25","124.25","62159300","62159300","1.24","1.01","124.05","June 08, 23","0.0101",
"2023-06-07","127.01","127.37","120.63","121.23","121.23","95663300","95663300","-5.78","-4.55","123.08","June 07, 23","-0.0455",
"2023-06-06","125.07","127.4","125","126.61","126.61","45695200","45695200","1.54","1.23","126.34","June 06, 23","0.0123",
"2023-06-05","123.36","125.8","123.03","125.3","125.3","47950100","47950100","1.94","1.57","124.71","June 05, 23","0.0157",
"2023-06-02","124.92","126.39","124.02","124.25","124.25","61215000","61215000","-0.67","-0.53634","124.89","June 02, 23","-0.0053634",
"2023-06-01","120.69","123.49","119.93","122.77","122.77","54375100","54375100","2.08","1.72","122.06","June 01, 23","0.0172",
"2023-05-31","121.45","122.04","119.17","120.58","120.58","72800800","72800800","-0.87","-0.71634","120.6","May 31, 23","-0.0071634",
"2023-05-30","122.37","122.92","119.86","121.66","121.66","64314800","64314800","-0.71","-0.58021","121.48","May 30, 23","-0.0058021",
"2023-05-26","116.04","121.5","116.02","120.11","120.11","96779900","96779900","4.07","3.51","119.21","May 26, 23","0.0351",
"2023-05-25","116.63","116.87","114.31","115","115","66496700","66496700","-1.63","-1.4","115.39","May 25, 23","-0.014",
"2023-05-24","115.35","117.34","115.02","116.75","116.75","63487900","63487900","1.4","1.21","116.37","May 24, 23","0.0121",
"2023-05-23","114.27","117.14","113.78","114.99","114.99","67576300","67576300","0.72","0.63009","115.3","May 23, 23","0.0063009",
"2023-05-22","116.77","116.77","114.25","115.01","115.01","70741100","70741100","-1.76","-1.51","115.34","May 22, 23","-0.0151",
"2023-05-19","118.16","118.31","115.7","116.25","116.25","54990200","54990200","-1.91","-1.62","116.75","May 19, 23","-0.0162",
"2023-05-18","116.69","118.6","116.34","118.15","118.15","73174100","73174100","1.46","1.25","117.7","May 18, 23","0.0125",
"2023-05-17","114.89","115.83","114.22","115.5","115.5","65655200","65655200","0.61","0.53094","115.18","May 17, 23","0.0053094",
"2023-05-16","111.05","114.79","111.05","113.4","113.4","71472900","71472900","2.35","2.12","113.08","May 16, 23","0.0212",
"2023-05-15","111.15","112.29","109.25","111.2","111.2","53011100","53011100","0.05","0.04498426","110.91","May 15, 23","0.0004498426",
"2023-05-12","112.16","112.64","109.32","110.26","110.26","49810100","49810100","-1.9","-1.69","110.74","May 12, 23","-0.0169",
"2023-05-11","111.03","113.28","110.49","112.18","112.18","74924800","74924800","1.15","1.04","111.98","May 11, 23","0.0104",
"2023-05-10","108.1","110.67","108.05","110.19","110.19","78627600","78627600","2.09","1.93","109.64","May 10, 23","0.0193",
"2023-05-09","105.48","106.79","105.16","106.62","106.62","44089400","44089400","1.14","1.08","106.19","May 09, 23","0.0108",
"2023-05-08","105.04","106.1","104.7","105.83","105.83","49430900","49430900","0.79","0.75209","105.54","May 08, 23","0.0075209",
"2023-05-05","104.27","105.76","103.55","105.66","105.66","56912900","56912900","1.39","1.33","104.99","May 05, 23","0.0133",
"2023-05-04","104.04","105.39","103.31","104","104","45345500","45345500","-0.04","-0.03844675","104.23","May 04, 23","-0.0003844675",
"2023-05-03","103.74","105.96","103.28","103.65","103.65","65051900","65051900","-0.09","-0.08675535","104.3","May 03, 23","-0.0008675535",
"2023-05-02","101.47","103.9","101.15","103.63","103.63","73469400","73469400","2.16","2.13","102.89","May 02, 23","0.0213",
"2023-05-01","104.95","105.23","101.82","102.05","102.05","74728100","74728100","-2.9","-2.76","103.03","May 01, 23","-0.0276",
"2023-04-28","107.73","109.48","104.33","105.45","105.45","130565000","130565000","-2.28","-2.12","106.42","April 28, 23","-0.0212",
"2023-04-27","108.16","110.86","106.8","109.82","109.82","149961200","149961200","1.66","1.53","109.16","April 27, 23","0.0153",
"2023-04-26","105.04","106.62","104.1","104.98","104.98","73803800","73803800","-0.06","-0.0571211","105.23","April 26, 23","-0.000571211",
"2023-04-25","104.91","105.45","102.45","102.57","102.57","65026800","65026800","-2.34","-2.23","103.49","April 25, 23","-0.0223",
"2023-04-24","107.66","109.23","105.07","106.21","106.21","69575600","69575600","-1.45","-1.35","106.84","April 24, 23","-0.0135",
"2023-04-21","106.1","108.15","105.08","106.96","106.96","86774200","86774200","0.86","0.81056","106.73","April 21, 23","0.0081056",
"2023-04-20","103.53","105.25","103.21","103.81","103.81","57696900","57696900","0.28","0.27045","104.09","April 20, 23","0.0027045",
"2023-04-19","101.58","105.12","101.39","104.3","104.3","58398900","58398900","2.72","2.68","103.6","April 19, 23","0.0268",
"2023-04-18","103.95","104.2","101.52","102.3","102.3","39790500","39790500","-1.65","-1.59","102.67","April 18, 23","-0.0159",
"2023-04-17","103.16","103.73","101.59","102.74","102.74","39919500","39919500","-0.42","-0.40713","102.69","April 17, 23","-0.0040713",
"2023-04-14","102.07","103.2","101.11","102.51","102.51","51450500","51450500","0.44","0.43108","102.27","April 14, 23","0.0043108",
"2023-04-13","98.95","102.57","98.71","102.4","102.4","67925100","67925100","3.45","3.49","101.23","April 13, 23","0.0349",
"2023-04-12","100.4","100.51","97.71","97.83","97.83","56735000","56735000","-2.57","-2.56","98.68","April 12, 23","-0.0256",
"2023-04-11","100.8","101","99.01","99.92","99.92","60417800","60417800","-0.88","-0.87302","99.98","April 11, 23","-0.0087302",
"2023-04-10","100.96","102.2","99.57","102.17","102.17","37261200","37261200","1.21","1.2","101.31","April 10, 23","0.012",
"2023-04-06","100.75","102.38","99.8","102.06","102.06","43808000","43808000","1.31","1.3","101.41","April 06, 23","0.013",
"2023-04-05","103.91","103.91","100.75","101.1","101.1","45175400","45175400","-2.81","-2.7","101.92","April 05, 23","-0.027",
"2023-04-04","102.75","104.2","102.11","103.95","103.95","48662500","48662500","1.2","1.17","103.42","April 04, 23","0.0117",
"2023-04-03","102.3","103.29","101.43","102.41","102.41","41135700","41135700","0.11","0.10753","102.38","April 03, 23","0.0010753",
"2023-03-31","102.16","103.49","101.95","103.29","103.29","56750300","56750300","1.13","1.11","102.91","March 31, 23","0.0111",
"2023-03-30","101.55","103.04","101.01","102","102","53633400","53633400","0.45","0.44313","102.02","March 30, 23","0.0044313",
"2023-03-29","98.69","100.42","98.56","100.25","100.25","49783300","49783300","1.56","1.58","99.74","March 29, 23","0.0158",
"2023-03-28","98.11","98.44","96.29","97.24","97.24","38720100","38720100","-0.87","-0.88676","97.32","March 28, 23","-0.0088676",
"2023-03-27","99.07","99.34","97.08","98.04","98.04","46721300","46721300","-1.03","-1.04","98.15","March 27, 23","-0.0104",
"2023-03-24","98.07","98.3","96.4","98.13","98.13","56095400","56095400","0.06","0.06118079","97.61","March 24, 23","0.0006118079",
"2023-03-23","100.43","101.06","97.62","98.71","98.71","57559300","57559300","-1.72","-1.71","99.13","March 23, 23","-0.0171",
"2023-03-22","100.45","102.1","98.61","98.7","98.7","57475400","57475400","-1.75","-1.74","99.8","March 22, 23","-0.0174",
"2023-03-21","98.14","100.85","98","100.61","100.61","58597300","58597300","2.47","2.52","99.82","March 21, 23","0.0252",
"2023-03-20","98.41","98.48","95.7","97.71","97.71","62388900","62388900","-0.7","-0.71131","97.3","March 20, 23","-0.0071131",
"2023-03-17","99.79","100.66","97.46","98.95","98.95","87300200","87300200","-0.84","-0.84177","99.02","March 17, 23","-0.0084177",
"2023-03-16","95.75","100.99","95.61","100.04","100.04","84446900","84446900","4.29","4.48","98.88","March 16, 23","0.0448",
"2023-03-15","93.22","96.67","93.07","96.2","96.2","70731800","70731800","2.98","3.2","95.31","March 15, 23","0.032",
"2023-03-14","93.83","95.07","92.71","94.88","94.88","60912700","60912700","1.05","1.12","94.22","March 14, 23","0.0112",
"2023-03-13","89.97","94.02","88.12","92.43","92.43","72397100","72397100","2.46","2.73","91.52","March 13, 23","0.0273",
"2023-03-10","92.67","93.57","90.25","90.73","90.73","69827500","69827500","-1.94","-2.09","91.52","March 10, 23","-0.0209",
"2023-03-09","93.68","96.21","92.18","92.25","92.25","56218700","56218700","-1.43","-1.53","93.55","March 09, 23","-0.0153",
"2023-03-08","93.6","94.17","92.18","93.92","93.92","44899100","44899100","0.32","0.34188","93.42","March 08, 23","0.0034188",
"2023-03-07","94.06","95.09","92.78","93.55","93.55","49100700","49100700","-0.51","-0.54221","93.81","March 07, 23","-0.0054221",
"2023-03-06","95.19","96.55","93.74","93.75","93.75","52112400","52112400","-1.44","-1.51","94.68","March 06, 23","-0.0151",
"2023-03-03","92.74","94.94","92.66","94.9","94.9","55759600","55759600","2.16","2.33","94.17","March 03, 23","0.0233",
"2023-03-02","91.41","92.23","90.39","92.13","92.13","55509400","55509400","0.72","0.78766","91.58","March 02, 23","0.0078766",
"2023-03-01","93.87","94.68","91.59","92.17","92.17","52299500","52299500","-1.7","-1.81","92.81","March 01, 23","-0.0181",
"2023-02-28","93.14","94.69","92.92","94.23","94.23","43959300","43959300","1.09","1.17","93.95","February 28, 23","0.0117",
"2023-02-27","94.28","94.78","93.14","93.76","93.76","47470300","47470300","-0.52","-0.55155","93.89","February 27, 23","-0.0055155",
"2023-02-24","93.53","94.14","92.32","93.5","93.5","57053800","57053800","-0.03","-0.03207527","93.32","February 24, 23","-0.0003207527",
"2023-02-23","96.12","96.43","93.67","95.82","95.82","48467000","48467000","-0.3","-0.31211","95.31","February 23, 23","-0.0031211",
"2023-02-22","95.1","97.01","94.8","95.79","95.79","59534100","59534100","0.69","0.72555","95.87","February 22, 23","0.0072555",
"2023-02-21","95.34","95.61","94.27","94.58","94.58","56580400","56580400","-0.76","-0.79715","94.82","February 21, 23","-0.0079715",
"2023-02-17","97.8","97.94","95.65","97.2","97.2","60029400","60029400","-0.6","-0.6135","96.93","February 17, 23","-0.006135",
"2023-02-16","99.21","100.63","98.1","98.15","98.15","56339200","56339200","-1.06","-1.07","98.96","February 16, 23","-0.0107",
"2023-02-15","99.09","101.17","98.45","101.16","101.16","47957600","47957600","2.07","2.09","100.26","February 15, 23","0.0209",
"2023-02-14","98.41","100.92","97.52","99.7","99.7","56202900","56202900","1.29","1.31","99.38","February 14, 23","0.0131",
"2023-02-13","97.85","99.68","96.91","99.54","99.54","52841500","52841500","1.69","1.73","98.71","February 13, 23","0.0173",
"2023-02-10","97.56","98.82","96.23","97.61","97.61","52740100","52740100","0.05","0.05125051","97.55","February 10, 23","0.0005125051",
"2023-02-09","101.32","101.78","97.57","98.24","98.24","64622500","64622500","-3.08","-3.04","99.2","February 09, 23","-0.0304",
"2023-02-08","102.04","102.67","98.78","100.05","100.05","75878300","75878300","-1.99","-1.95","100.5","February 08, 23","-0.0195",
"2023-02-07","101.17","102.41","98.08","102.11","102.11","119501300","119501300","0.94","0.92913","100.87","February 07, 23","0.0092913",
"2023-02-06","102.93","103.95","100.65","102.18","102.18","81945200","81945200","-0.75","-0.72865","102.26","February 06, 23","-0.0072865",
"2023-02-03","105.26","108.78","102.52","103.39","103.39","144374800","144374800","-1.87","-1.78","104.9","February 03, 23","-0.0178",
"2023-02-02","110.25","114","108.88","112.91","112.91","158154200","158154200","2.66","2.41","111.93","February 02, 23","0.0241",
"2023-02-01","102.53","106.24","101.24","105.15","105.15","80450100","80450100","2.62","2.56","104.21","February 01, 23","0.0256",
"2023-01-31","101.16","103.35","101.14","103.13","103.13","66527300","66527300","1.97","1.95","102.54","January 31, 23","0.0195",
"2023-01-30","101.09","101.74","99.01","100.55","100.55","70691900","70691900","-0.54","-0.53418","100.43","January 30, 23","-0.0053418",
"2023-01-27","99.53","103.49","99.53","102.24","102.24","87775600","87775600","2.71","2.72","101.75","January 27, 23","0.0272",
"2023-01-26","98.24","99.49","96.92","99.22","99.22","68523600","68523600","0.98","0.99756","98.54","January 26, 23","0.0099756",
"2023-01-25","92.56","97.24","91.52","97.18","97.18","94261600","94261600","4.62","4.99","95.31","January 25, 23","0.0499",
"2023-01-24","96.93","98.09","96","96.32","96.32","66929500","66929500","-0.61","-0.62932","96.8","January 24, 23","-0.0062932",
"2023-01-23","97.56","97.78","95.86","97.52","97.52","76501100","76501100","-0.04","-0.04100041","97.05","January 23, 23","-0.0004100041",
"2023-01-20","93.86","97.35","93.2","97.25","97.25","67481500","67481500","3.39","3.61","95.93","January 20, 23","0.0361",
"2023-01-19","94.74","95.44","92.86","93.68","93.68","69002700","69002700","-1.06","-1.12","93.99","January 19, 23","-0.0112",
"2023-01-18","97.25","99.32","95.38","95.46","95.46","79570400","79570400","-1.79","-1.84","96.72","January 18, 23","-0.0184",
"2023-01-17","98.68","98.89","95.73","96.05","96.05","72755000","72755000","-2.63","-2.67","96.89","January 17, 23","-0.0267",
"2023-01-13","94.18","98.37","94.12","98.12","98.12","85549400","85549400","3.94","4.18","96.87","January 13, 23","0.0418",
"2023-01-12","96.93","97.19","93.5","95.27","95.27","85254800","85254800","-1.66","-1.71","95.32","January 12, 23","-0.0171",
"2023-01-11","90.93","95.26","90.93","95.09","95.09","103126200","103126200","4.16","4.57","93.76","January 11, 23","0.0457",
"2023-01-10","87.57","90.19","87.29","89.87","89.87","67756600","67756600","2.3","2.63","89.12","January 10, 23","0.0263",
"2023-01-09","87.46","89.48","87.08","87.36","87.36","65266100","65266100","-0.1","-0.11434","87.97","January 09, 23","-0.0011434",
"2023-01-06","83.03","86.4","81.43","86.08","86.08","83303400","83303400","3.05","3.67","84.64","January 06, 23","0.0367",
"2023-01-05","85.33","85.42","83.07","83.12","83.12","67930800","67930800","-2.21","-2.59","83.87","January 05, 23","-0.0259",
"2023-01-04","86.55","86.98","83.36","85.14","85.14","68885100","68885100","-1.41","-1.63","85.16","January 04, 23","-0.0163",
"2023-01-03","85.46","86.96","84.21","85.82","85.82","76706000","76706000","0.36","0.42125","85.66","January 03, 23","0.0042125",
"2022-12-30","83.12","84.05","82.47","84","84","62401200","62401200","0.88","1.06","83.51","December 30, 22","0.0106",
"2022-12-29","82.87","84.55","82.55","84.18","84.18","54995900","54995900","1.31","1.58","83.76","December 29, 22","0.0158",
"2022-12-28","82.8","83.48","81.69","81.82","81.82","58228600","58228600","-0.98","-1.18","82.33","December 28, 22","-0.0118",
"2022-12-27","84.97","85.35","83","83.04","83.04","57284000","57284000","-1.93","-2.27","83.8","December 27, 22","-0.0227",
"2022-12-23","83.25","85.78","82.93","85.25","85.25","57433700","57433700","2","2.4","84.65","December 23, 22","0.024",
"2022-12-22","85.52","85.68","82.25","83.79","83.79","81431300","81431300","-1.73","-2.02","83.91","December 22, 22","-0.0202",
"2022-12-21","86.18","87.23","85.21","86.77","86.77","59267200","59267200","0.59","0.68461","86.4","December 21, 22","0.0068461",
"2022-12-20","85.33","86.61","84.33","85.19","85.19","74348300","74348300","-0.14","-0.16407","85.38","December 20, 22","-0.0016407",
"2022-12-19","87.51","87.63","84.51","84.92","84.92","83531500","83531500","-2.59","-2.96","85.69","December 19, 22","-0.0296",
"2022-12-16","88.27","89.35","86.73","87.86","87.86","146144100","146144100","-0.41","-0.46448","87.98","December 16, 22","-0.0046448",
"2022-12-15","89.89","89.97","87.47","88.45","88.45","84802900","84802900","-1.44","-1.6","88.63","December 15, 22","-0.016",
"2022-12-14","92.5","93.46","89.87","91.58","91.58","70298000","70298000","-0.92","-0.99459","91.64","December 14, 22","-0.0099459",
"2022-12-13","95.23","96.25","90.52","92.49","92.49","100212000","100212000","-2.74","-2.88","93.09","December 13, 22","-0.0288",
"2022-12-12","89.21","90.58","87.87","90.55","90.55","61999800","61999800","1.34","1.5","89.67","December 12, 22","0.015",
"2022-12-09","88.9","90.3","88.63","89.09","89.09","67398500","67398500","0.19","0.21372","89.34","December 09, 22","0.0021372",
"2022-12-08","89.24","90.86","87.88","90.35","90.35","73305900","73305900","1.11","1.24","89.7","December 08, 22","0.0124",
"2022-12-07","88.34","89.89","87.48","88.46","88.46","68086900","68086900","0.12","0.13584","88.61","December 07, 22","0.0013584",
"2022-12-06","90.5","91.04","87.9","88.25","88.25","75503600","75503600","-2.25","-2.49","89.06","December 06, 22","-0.0249",
"2022-12-05","93.05","94.06","90.82","91.01","91.01","71535500","71535500","-2.04","-2.19","91.96","December 05, 22","-0.0219",
"2022-12-02","94.48","95.36","93.78","94.13","94.13","72496400","72496400","-0.35","-0.37045","94.42","December 02, 22","-0.0037045",
"2022-12-01","96.99","97.23","94.92","95.5","95.5","68488000","68488000","-1.49","-1.54","95.88","December 01, 22","-0.0154",
"2022-11-30","92.47","96.54","91.53","96.54","96.54","102805800","102805800","4.07","4.4","94.87","November 30, 22","0.044",
"2022-11-29","94.04","94.41","91.44","92.42","92.42","65567300","65567300","-1.62","-1.72","92.76","November 29, 22","-0.0172",
"2022-11-28","93.93","96.4","93.43","93.95","93.95","74943100","74943100","0.02","0.02129245","94.59","November 28, 22","0.0002129245",
"2022-11-25","93.79","94.43","93.07","93.41","93.41","35088600","35088600","-0.38","-0.40516","93.64","November 25, 22","-0.0040516",
"2022-11-23","93.24","94.58","92.83","94.13","94.13","59414700","59414700","0.89","0.95453","93.85","November 23, 22","0.0095453",
"2022-11-22","92.62","93.35","90.87","93.2","93.2","62192000","62192000","0.58","0.62621","92.47","November 22, 22","0.0062621",
"2022-11-21","93.97","95.02","90.59","92.46","92.46","84330300","84330300","-1.51","-1.61","92.69","November 21, 22","-0.0161",
"2022-11-18","95.95","95.99","92.48","94.14","94.14","72428200","72428200","-1.81","-1.89","94.2","November 18, 22","-0.0189",
"2022-11-17","95.37","96.97","94.03","94.85","94.85","82617900","82617900","-0.52","-0.54524","95.28","November 17, 22","-0.0054524",
"2022-11-16","96.85","98.49","95.54","97.12","97.12","87958800","87958800","0.27","0.27878","97.05","November 16, 22","0.0027878",
"2022-11-15","103.21","103.79","97.34","98.94","98.94","111336300","111336300","-4.27","-4.14","100.02","November 15, 22","-0.0414",
"2022-11-14","98.77","100.12","97.29","98.49","98.49","99533100","99533100","-0.28","-0.28349","98.63","November 14, 22","-0.0028349",
"2022-11-11","97.88","101.19","96.66","100.79","100.79","111590500","111590500","2.91","2.97","99.55","November 11, 22","0.0297",
"2022-11-10","92.94","98.69","91.65","96.63","96.63","173414900","173414900","3.69","3.97","95.66","November 10, 22","0.0397",
"2022-11-09","89.47","89.48","85.87","86.14","86.14","90796200","90796200","-3.33","-3.72","87.16","November 09, 22","-0.0372",
"2022-11-08","90.79","91.72","88.23","89.98","89.98","88703400","88703400","-0.81","-0.89217","89.98","November 08, 22","-0.0089217",
"2022-11-07","91.95","92.1","89.04","90.53","90.53","77495700","77495700","-1.42","-1.54","90.56","November 07, 22","-0.0154",
"2022-11-04","91.49","92.44","88.04","90.98","90.98","129101300","129101300","-0.51","-0.55744","90.49","November 04, 22","-0.0055744",
"2022-11-03","92.47","93.5","89.02","89.3","89.3","136683300","136683300","-3.17","-3.43","90.61","November 03, 22","-0.0343",
"2022-11-02","97.32","97.74","92.01","92.12","92.12","135761800","135761800","-5.2","-5.34","93.96","November 02, 22","-0.0534",
"2022-11-01","103.99","104.58","96.06","96.79","96.79","153370000","153370000","-7.2","-6.92","99.14","November 01, 22","-0.0692",
"2022-10-31","103.56","104.87","100.74","102.44","102.44","99251400","99251400","-1.12","-1.08","102.68","October 31, 22","-0.0108",
"2022-10-28","97.91","103.96","97.66","103.41","103.41","223133400","223133400","5.5","5.62","101.68","October 28, 22","0.0562",
"2022-10-27","113.92","114.12","109.77","110.96","110.96","129605400","129605400","-2.96","-2.6","111.62","October 27, 22","-0.026",
"2022-10-26","116","119.35","114.76","115.66","115.66","68802300","68802300","-0.34","-0.2931","116.59","October 26, 22","-0.002931",
"2022-10-25","119.65","121.32","118.95","120.6","120.6","50934600","50934600","0.95","0.79398","120.29","October 25, 22","0.0079398",
"2022-10-24","119.98","120.39","116.57","119.82","119.82","49531500","49531500","-0.16","-0.13336","118.93","October 24, 22","-0.0013336",
"2022-10-21","114.79","119.59","114.5","119.32","119.32","55660500","55660500","4.53","3.95","117.8","October 21, 22","0.0395",
"2022-10-20","113.83","118.24","113.51","115.25","115.25","48795100","48795100","1.42","1.25","115.67","October 20, 22","0.0125",
"2022-10-19","114.71","116.59","113.22","115.07","115.07","47198100","47198100","0.36","0.31383","114.96","October 19, 22","0.0031383",
"2022-10-18","119.06","119.52","114.79","116.36","116.36","65607400","65607400","-2.7","-2.27","116.89","October 18, 22","-0.0227",
"2022-10-17","110.11","114.19","110.09","113.79","113.79","62782000","62782000","3.68","3.34","112.69","October 17, 22","0.0334",
"2022-10-14","114.1","114.96","106.6","106.9","106.9","67737300","67737300","-7.2","-6.31","109.49","October 14, 22","-0.0631",
"2022-10-13","107.88","113.44","105.35","112.53","112.53","86868100","86868100","4.65","4.31","110.44","October 13, 22","0.0431",
"2022-10-12","112.49","113.83","111.4","112.9","112.9","45728700","45728700","0.41","0.36448","112.71","October 12, 22","0.0036448",
"2022-10-11","112.71","115.48","110.39","112.21","112.21","56432200","56432200","-0.5","-0.44362","112.69","October 11, 22","-0.0044362",
"2022-10-10","115.1","116.25","112.43","113.67","113.67","42339700","42339700","-1.43","-1.24","114.12","October 10, 22","-0.0124",
"2022-10-07","118","118.17","113.88","114.56","114.56","54678000","54678000","-3.44","-2.92","115.54","October 07, 22","-0.0292",
"2022-10-06","120.77","121.53","119.5","120.3","120.3","42253800","42253800","-0.47","-0.38917","120.44","October 06, 22","-0.0038917",
"2022-10-05","118.58","121.75","117.69","120.95","120.95","48217500","48217500","2.37","2","120.13","October 05, 22","0.02",
"2022-10-04","119.89","123","119.79","121.09","121.09","62812600","62812600","1.2","1","121.29","October 04, 22","0.01",
"2022-10-03","113.58","116.91","112.45","115.88","115.88","50941900","50941900","2.3","2.03","115.08","October 03, 22","0.0203",
"2022-09-30","114.08","116.92","112.84","113","113","59479600","59479600","-1.08","-0.9467","114.25","September 30, 22","-0.009467",
"2022-09-29","115.6","116.07","113.06","114.8","114.8","58969700","58969700","-0.8","-0.69204","114.64","September 29, 22","-0.0069204",
"2022-09-28","114.38","118.7","113.8","118.01","118.01","55763800","55763800","3.63","3.17","116.84","September 28, 22","0.0317",
"2022-09-27","117.2","118.32","113.05","114.41","114.41","60094700","60094700","-2.79","-2.38","115.26","September 27, 22","-0.0238",
"2022-09-26","113.3","117.34","113.13","115.15","115.15","62723300","62723300","1.85","1.63","115.21","September 26, 22","0.0163",
"2022-09-23","116","116.05","112.06","113.78","113.78","65126700","65126700","-2.22","-1.91","113.96","September 23, 22","-0.0191",
"2022-09-22","117.08","118.79","116.26","117.31","117.31","55229200","55229200","0.23","0.19645","117.45","September 22, 22","0.0019645",
"2022-09-21","122.49","123.76","118.45","118.54","118.54","58498900","58498900","-3.95","-3.22","120.25","September 21, 22","-0.0322",
"2022-09-20","123.35","124.4","121.14","122.19","122.19","47698400","47698400","-1.16","-0.94041","122.58","September 20, 22","-0.0094041",
"2022-09-19","122.16","124.71","121.8","124.66","124.66","47279700","47279700","2.5","2.05","123.72","September 19, 22","0.0205",
"2022-09-16","122.78","123.87","120.7","123.53","123.53","115667800","115667800","0.75","0.61085","122.7","September 16, 22","0.0061085",
"2022-09-15","127.38","130.37","125.5","126.28","126.28","52887200","52887200","-1.1","-0.86356","127.38","September 15, 22","-0.0086356",
"2022-09-14","127.36","128.84","126.33","128.55","128.55","45316800","45316800","1.19","0.93436","127.91","September 14, 22","0.0093436",
"2022-09-13","131.01","131.4","126.27","126.82","126.82","72694000","72694000","-4.19","-3.2","128.16","September 13, 22","-0.032",
"2022-09-12","134.1","136.49","134","136.45","136.45","53826900","53826900","2.35","1.75","135.65","September 12, 22","0.0175",
"2022-09-09","130.91","133.69","130.76","133.27","133.27","49387600","49387600","2.36","1.8","132.57","September 09, 22","0.018",
"2022-09-08","127.72","130.28","127.1","129.82","129.82","43988500","43988500","2.1","1.64","129.07","September 08, 22","0.0164",
"2022-09-07","126.12","129.82","125.4","129.48","129.48","47900300","47900300","3.36","2.66","128.23","September 07, 22","0.0266",
"2022-09-06","127.92","128.62","124.74","126.11","126.11","43888600","43888600","-1.81","-1.41","126.49","September 06, 22","-0.0141",
"2022-09-02","129.5","131.38","126.39","127.51","127.51","57429800","57429800","-1.99","-1.54","128.43","September 02, 22","-0.0154",
"2022-09-01","126","128.02","123.66","127.82","127.82","56636100","56636100","1.82","1.44","126.5","September 01, 22","0.0144",
"2022-08-31","129.45","130.59","126.74","126.77","126.77","53648700","53648700","-2.68","-2.07","128.03","August 31, 22","-0.0207",
"2022-08-30","131.25","132.07","126.85","128.73","128.73","49203000","49203000","-2.52","-1.92","129.22","August 30, 22","-0.0192",
"2022-08-29","129.9","131.95","128.77","129.79","129.79","48101600","48101600","-0.11","-0.08468052","130.17","August 29, 22","-0.0008468052",
"2022-08-26","136.55","137.83","130.5","130.75","130.75","53322700","53322700","-5.8","-4.25","133.03","August 26, 22","-0.0425",
"2022-08-25","135.26","137.42","134.28","137.28","137.28","37496300","37496300","2.02","1.49","136.33","August 25, 22","0.0149",
"2022-08-24","132.75","135.47","132.1","133.8","133.8","38627000","38627000","1.05","0.79096","133.79","August 24, 22","0.0079096",
"2022-08-23","133.41","134.99","132.95","133.62","133.62","36252100","36252100","0.21","0.15741","133.85","August 23, 22","0.0015741",
"2022-08-22","135.72","136.32","132.85","133.22","133.22","50461500","50461500","-2.5","-1.84","134.13","August 22, 22","-0.0184",
"2022-08-19","140.47","141.11","137.91","138.23","138.23","47792800","47792800","-2.24","-1.59","139.08","August 19, 22","-0.0159",
"2022-08-18","141.32","142.77","140.38","142.3","142.3","37458700","37458700","0.98","0.69346","141.82","August 18, 22","0.0069346",
"2022-08-17","142.69","143.38","140.78","142.1","142.1","48149800","48149800","-0.59","-0.41348","142.09","August 17, 22","-0.0041348",
"2022-08-16","143.91","146.57","142","144.78","144.78","59102900","59102900","0.87","0.60454","144.45","August 16, 22","0.0060454",
"2022-08-15","142.8","143.76","141.49","143.18","143.18","39014600","39014600","0.38","0.26611","142.81","August 15, 22","0.0026611",
"2022-08-12","142.05","143.57","140.12","143.55","143.55","47643500","47643500","1.5","1.06","142.41","August 12, 22","0.0106",
"2022-08-11","143.86","144.49","139.76","140.64","140.64","44867300","44867300","-3.22","-2.24","141.63","August 11, 22","-0.0224",
"2022-08-10","142.9","144.6","141.01","142.69","142.69","54773800","54773800","-0.21","-0.14696","142.77","August 10, 22","-0.0014696",
"2022-08-09","138.05","138.95","136.21","137.83","137.83","40434700","40434700","-0.22","-0.15936","137.66","August 09, 22","-0.0015936",
"2022-08-08","142.05","144.23","138.29","139.41","139.41","52229000","52229000","-2.64","-1.86","140.64","August 08, 22","-0.0186",
"2022-08-05","140.1","142.86","139.6","140.8","140.8","50686900","50686900","0.7","0.49964","141.09","August 05, 22","0.0049964",
"2022-08-04","140.58","143.56","139.55","142.57","142.57","70585000","70585000","1.99","1.42","141.89","August 04, 22","0.0142",
"2022-08-03","136.21","140.49","136.05","139.52","139.52","71827800","71827800","3.31","2.43","138.69","August 03, 22","0.0243",
"2022-08-02","134.72","137.44","134.09","134.16","134.16","61922400","61922400","-0.56","-0.41568","135.23","August 02, 22","-0.0041568",
"2022-08-01","134.96","138.83","133.51","135.39","135.39","76846900","76846900","0.43","0.31861","135.91","August 01, 22","0.0031861",
"2022-07-29","134.9","137.65","132.41","134.95","134.95","148892900","148892900","0.05","0.03706449","135","July 29, 22","0.0003706449",
"2022-07-28","121.57","122.84","118.08","122.28","122.28","82245500","82245500","0.71","0.58403","121.07","July 28, 22","0.0058403",
"2022-07-27","117.31","121.9","117.16","120.97","120.97","61582000","61582000","3.66","3.12","120.01","July 27, 22","0.0312",
"2022-07-26","115.79","118.15","114.53","114.81","114.81","67075100","67075100","-0.98","-0.84636","115.83","July 26, 22","-0.0084636",
"2022-07-25","122.7","123.64","120.03","121.14","121.14","50221300","50221300","-1.56","-1.27","121.6","July 25, 22","-0.0127",
"2022-07-22","125.01","125.5","121.35","122.42","122.42","51463800","51463800","-2.59","-2.07","123.09","July 22, 22","-0.0207",
"2022-07-21","123.2","124.85","121.26","124.63","124.63","60239900","60239900","1.43","1.16","123.58","July 21, 22","0.0116",
"2022-07-20","118.62","123.48","118.32","122.77","122.77","71268300","71268300","4.15","3.5","121.52","July 20, 22","0.035",
"2022-07-19","115.7","118.95","114.03","118.21","118.21","60990000","60990000","2.51","2.17","117.06","July 19, 22","0.0217",
"2022-07-18","115","117.24","113.15","113.76","113.76","59115400","59115400","-1.24","-1.08","114.72","July 18, 22","-0.0108",
"2022-07-15","112.5","115.59","111.59","113.55","113.55","84317800","84317800","1.05","0.93333","113.58","July 15, 22","0.0093333",
"2022-07-14","110.24","111.18","107.58","110.63","110.63","51163100","51163100","0.39","0.35377","109.8","July 14, 22","0.0035377",
"2022-07-13","107.03","111.78","106.01","110.4","110.4","61353800","61353800","3.37","3.15","109.4","July 13, 22","0.0315",
"2022-07-12","112.16","113.23","108.34","109.22","109.22","54280300","54280300","-2.94","-2.62","110.26","July 12, 22","-0.0262",
"2022-07-11","114.08","114.3","110.87","111.75","111.75","53487600","53487600","-2.33","-2.04","112.31","July 11, 22","-0.0204",
"2022-07-08","114.6","116.58","113.69","115.54","115.54","45719700","45719700","0.94","0.82024","115.27","July 08, 22","0.0082024",
"2022-07-07","113.85","116.99","113.49","116.33","116.33","57872300","57872300","2.48","2.18","115.6","July 07, 22","0.0218",
"2022-07-06","113.21","115.48","112.01","114.33","114.33","66958900","66958900","1.12","0.98931","113.94","July 06, 22","0.0098931",
"2022-07-05","107.6","114.08","106.32","113.5","113.5","76583700","76583700","5.9","5.48","111.3","July 05, 22","0.0548",
"2022-07-01","106.29","109.75","105.85","109.56","109.56","73021200","73021200","3.27","3.08","108.39","July 01, 22","0.0308",
